Method,Experiment,Scenario - Train,Scenario - Test,Region,RMSE,MAE,Bias,MRE
DMD,3box_uncoup,2xCO2,2xCO2,0,0.00015393802647774722,0.00015089852273194552,0.00015089852273194552,0.42310116215540816
DMD,3box_uncoup,2xCO2,2xCO2,1,0.0024083757312404054,0.0004422954772135089,0.00026068048690830193,0.40328455697612575
DMD,3box_uncoup,2xCO2,2xCO2,2,0.00033653656226319674,0.00012170166073991603,8.871930812847387e-05,0.4111317650291717
DMD,3box_uncoup,2xCO2,High Emissions,0,0.00015393802647774722,0.00015089852273194552,0.00015089852273194552,0.42310116215540816
DMD,3box_uncoup,2xCO2,High Emissions,1,0.0024083757312404054,0.0004422954772135089,0.00026068048690830193,0.40328455697612575
DMD,3box_uncoup,2xCO2,High Emissions,2,0.00033653656226319674,0.00012170166073991603,8.871930812847387e-05,0.4111317650291717
DMD,3box_uncoup,2xCO2,Overshoot,0,0.00015393802647774722,0.00015089852273194552,0.00015089852273194552,0.42310116215540816
DMD,3box_uncoup,2xCO2,Overshoot,1,0.0024083757312404054,0.0004422954772135089,0.00026068048690830193,0.40328455697612575
DMD,3box_uncoup,2xCO2,Overshoot,2,0.00033653656226319674,0.00012170166073991603,8.871930812847387e-05,0.4111317650291717
DMD,3box_uncoup,High Emissions,2xCO2,0,0.00015393802647774722,0.00015089852273194552,0.00015089852273194552,0.42310116215540816
DMD,3box_uncoup,High Emissions,2xCO2,1,0.0024083757312404054,0.0004422954772135089,0.00026068048690830193,0.40328455697612575
DMD,3box_uncoup,High Emissions,2xCO2,2,0.00033653656226319674,0.00012170166073991603,8.871930812847387e-05,0.4111317650291717
DMD,3box_uncoup,High Emissions,High Emissions,0,0.00015393802647774722,0.00015089852273194552,0.00015089852273194552,0.42310116215540816
DMD,3box_uncoup,High Emissions,High Emissions,1,0.0024083757312404054,0.0004422954772135089,0.00026068048690830193,0.40328455697612575
DMD,3box_uncoup,High Emissions,High Emissions,2,0.00033653656226319674,0.00012170166073991603,8.871930812847387e-05,0.4111317650291717
DMD,3box_uncoup,High Emissions,Overshoot,0,0.00015393802647774722,0.00015089852273194552,0.00015089852273194552,0.42310116215540816
DMD,3box_uncoup,High Emissions,Overshoot,1,0.0024083757312404054,0.0004422954772135089,0.00026068048690830193,0.40328455697612575
DMD,3box_uncoup,High Emissions,Overshoot,2,0.00033653656226319674,0.00012170166073991603,8.871930812847387e-05,0.4111317650291717
DMD,3box_uncoup,Overshoot,2xCO2,0,0.00015393802647774722,0.00015089852273194552,0.00015089852273194552,0.42310116215540816
DMD,3box_uncoup,Overshoot,2xCO2,1,0.0024083757312404054,0.0004422954772135089,0.00026068048690830193,0.40328455697612575
DMD,3box_uncoup,Overshoot,2xCO2,2,0.00033653656226319674,0.00012170166073991603,8.871930812847387e-05,0.4111317650291717
DMD,3box_uncoup,Overshoot,High Emissions,0,0.00015393802647774722,0.00015089852273194552,0.00015089852273194552,0.42310116215540816
DMD,3box_uncoup,Overshoot,High Emissions,1,0.0024083757312404054,0.0004422954772135089,0.00026068048690830193,0.40328455697612575
DMD,3box_uncoup,Overshoot,High Emissions,2,0.00033653656226319674,0.00012170166073991603,8.871930812847387e-05,0.4111317650291717
DMD,3box_uncoup,Overshoot,Overshoot,0,0.00015393802647774722,0.00015089852273194552,0.00015089852273194552,0.42310116215540816
DMD,3box_uncoup,Overshoot,Overshoot,1,0.0024083757312404054,0.0004422954772135089,0.00026068048690830193,0.40328455697612575
DMD,3box_uncoup,Overshoot,Overshoot,2,0.00033653656226319674,0.00012170166073991603,8.871930812847387e-05,0.4111317650291717
DMD,3box_coup,2xCO2,2xCO2,0,2.905126339218635e-06,2.7648915634237642e-06,2.7648915634237642e-06,0.41835772621881645
DMD,3box_coup,2xCO2,2xCO2,1,3.2635983465382125e-05,3.872278479892505e-06,3.8708577858612395e-06,0.4021341412305308
DMD,3box_coup,2xCO2,2xCO2,2,6.193464920416592e-06,1.889106127078348e-06,1.8731639346728448e-06,0.41062655827925587
DMD,3box_coup,2xCO2,High Emissions,0,2.905126339218635e-06,2.7648915634237642e-06,2.7648915634237642e-06,0.41835772621881645
DMD,3box_coup,2xCO2,High Emissions,1,3.2635983465382125e-05,3.872278479892505e-06,3.8708577858612395e-06,0.4021341412305308
DMD,3box_coup,2xCO2,High Emissions,2,6.193464920416592e-06,1.889106127078348e-06,1.8731639346728448e-06,0.41062655827925587
DMD,3box_coup,2xCO2,Overshoot,0,2.905126339218635e-06,2.7648915634237642e-06,2.7648915634237642e-06,0.41835772621881645
DMD,3box_coup,2xCO2,Overshoot,1,3.2635983465382125e-05,3.872278479892505e-06,3.8708577858612395e-06,0.4021341412305308
DMD,3box_coup,2xCO2,Overshoot,2,6.193464920416592e-06,1.889106127078348e-06,1.8731639346728448e-06,0.41062655827925587
DMD,3box_coup,High Emissions,2xCO2,0,2.905126339218635e-06,2.7648915634237642e-06,2.7648915634237642e-06,0.41835772621881645
DMD,3box_coup,High Emissions,2xCO2,1,3.2635983465382125e-05,3.872278479892505e-06,3.8708577858612395e-06,0.4021341412305308
DMD,3box_coup,High Emissions,2xCO2,2,6.193464920416592e-06,1.889106127078348e-06,1.8731639346728448e-06,0.41062655827925587
DMD,3box_coup,High Emissions,High Emissions,0,2.905126339218635e-06,2.7648915634237642e-06,2.7648915634237642e-06,0.41835772621881645
DMD,3box_coup,High Emissions,High Emissions,1,3.2635983465382125e-05,3.872278479892505e-06,3.8708577858612395e-06,0.4021341412305308
DMD,3box_coup,High Emissions,High Emissions,2,6.193464920416592e-06,1.889106127078348e-06,1.8731639346728448e-06,0.41062655827925587
DMD,3box_coup,High Emissions,Overshoot,0,2.905126339218635e-06,2.7648915634237642e-06,2.7648915634237642e-06,0.41835772621881645
DMD,3box_coup,High Emissions,Overshoot,1,3.2635983465382125e-05,3.872278479892505e-06,3.8708577858612395e-06,0.4021341412305308
DMD,3box_coup,High Emissions,Overshoot,2,6.193464920416592e-06,1.889106127078348e-06,1.8731639346728448e-06,0.41062655827925587
DMD,3box_coup,Overshoot,2xCO2,0,2.905126339218635e-06,2.7648915634237642e-06,2.7648915634237642e-06,0.41835772621881645
DMD,3box_coup,Overshoot,2xCO2,1,3.2635983465382125e-05,3.872278479892505e-06,3.8708577858612395e-06,0.4021341412305308
DMD,3box_coup,Overshoot,2xCO2,2,6.193464920416592e-06,1.889106127078348e-06,1.8731639346728448e-06,0.41062655827925587
DMD,3box_coup,Overshoot,High Emissions,0,2.905126339218635e-06,2.7648915634237642e-06,2.7648915634237642e-06,0.41835772621881645
DMD,3box_coup,Overshoot,High Emissions,1,3.2635983465382125e-05,3.872278479892505e-06,3.8708577858612395e-06,0.4021341412305308
DMD,3box_coup,Overshoot,High Emissions,2,6.193464920416592e-06,1.889106127078348e-06,1.8731639346728448e-06,0.41062655827925587
DMD,3box_coup,Overshoot,Overshoot,0,2.905126339218635e-06,2.7648915634237642e-06,2.7648915634237642e-06,0.41835772621881645
DMD,3box_coup,Overshoot,Overshoot,1,3.2635983465382125e-05,3.872278479892505e-06,3.8708577858612395e-06,0.4021341412305308
DMD,3box_coup,Overshoot,Overshoot,2,6.193464920416592e-06,1.889106127078348e-06,1.8731639346728448e-06,0.41062655827925587
DMD,2box_coup,2xCO2,2xCO2,0,0.0002844376792770221,0.0002206014996061482,0.0001234936627880165,0.5077929907659181
DMD,2box_coup,2xCO2,2xCO2,1,9.5722726316192e-05,7.290023807433589e-05,7.289498004634879e-05,nan
DMD,2box_coup,2xCO2,High Emissions,0,0.0002844376792770221,0.0002206014996061482,0.0001234936627880165,0.5077929907659181
DMD,2box_coup,2xCO2,High Emissions,1,9.5722726316192e-05,7.290023807433589e-05,7.289498004634879e-05,nan
DMD,2box_coup,2xCO2,Overshoot,0,0.0002844376792770221,0.0002206014996061482,0.0001234936627880165,0.5077929907659181
DMD,2box_coup,2xCO2,Overshoot,1,9.5722726316192e-05,7.290023807433589e-05,7.289498004634879e-05,nan
DMD,2box_coup,High Emissions,2xCO2,0,0.0002844376792770221,0.0002206014996061482,0.0001234936627880165,0.5077929907659181
DMD,2box_coup,High Emissions,2xCO2,1,9.5722726316192e-05,7.290023807433589e-05,7.289498004634879e-05,nan
DMD,2box_coup,High Emissions,High Emissions,0,0.0002844376792770221,0.0002206014996061482,0.0001234936627880165,0.5077929907659181
DMD,2box_coup,High Emissions,High Emissions,1,9.5722726316192e-05,7.290023807433589e-05,7.289498004634879e-05,nan
DMD,2box_coup,High Emissions,Overshoot,0,0.0002844376792770221,0.0002206014996061482,0.0001234936627880165,0.5077929907659181
DMD,2box_coup,High Emissions,Overshoot,1,9.5722726316192e-05,7.290023807433589e-05,7.289498004634879e-05,nan
DMD,2box_coup,Overshoot,2xCO2,0,0.0002844376792770221,0.0002206014996061482,0.0001234936627880165,0.5077929907659181
DMD,2box_coup,Overshoot,2xCO2,1,9.5722726316192e-05,7.290023807433589e-05,7.289498004634879e-05,nan
DMD,2box_coup,Overshoot,High Emissions,0,0.0002844376792770221,0.0002206014996061482,0.0001234936627880165,0.5077929907659181
DMD,2box_coup,Overshoot,High Emissions,1,9.5722726316192e-05,7.290023807433589e-05,7.289498004634879e-05,nan
DMD,2box_coup,Overshoot,Overshoot,0,0.0002844376792770221,0.0002206014996061482,0.0001234936627880165,0.5077929907659181
DMD,2box_coup,Overshoot,Overshoot,1,9.5722726316192e-05,7.290023807433589e-05,7.289498004634879e-05,nan
DMD,2box_coup_no_ocean,2xCO2,2xCO2,0,0.005382613145654242,0.0015128735726782194,0.00077307712254905,-19.92798440394696
DMD,2box_coup_no_ocean,2xCO2,2xCO2,1,0.0010009081952423338,0.0007952996359432265,0.0007928454196426789,nan
DMD,2box_coup_no_ocean,2xCO2,High Emissions,0,0.005382613145654242,0.0015128735726782194,0.00077307712254905,-19.92798440394696
DMD,2box_coup_no_ocean,2xCO2,High Emissions,1,0.0010009081952423338,0.0007952996359432265,0.0007928454196426789,nan
DMD,2box_coup_no_ocean,2xCO2,Overshoot,0,0.005382613145654242,0.0015128735726782194,0.00077307712254905,-19.92798440394696
DMD,2box_coup_no_ocean,2xCO2,Overshoot,1,0.0010009081952423338,0.0007952996359432265,0.0007928454196426789,nan
DMD,2box_coup_no_ocean,High Emissions,2xCO2,0,0.005382613145654242,0.0015128735726782194,0.00077307712254905,-19.92798440394696
DMD,2box_coup_no_ocean,High Emissions,2xCO2,1,0.0010009081952423338,0.0007952996359432265,0.0007928454196426789,nan
DMD,2box_coup_no_ocean,High Emissions,High Emissions,0,0.005382613145654242,0.0015128735726782194,0.00077307712254905,-19.92798440394696
DMD,2box_coup_no_ocean,High Emissions,High Emissions,1,0.0010009081952423338,0.0007952996359432265,0.0007928454196426789,nan
DMD,2box_coup_no_ocean,High Emissions,Overshoot,0,0.005382613145654242,0.0015128735726782194,0.00077307712254905,-19.92798440394696
DMD,2box_coup_no_ocean,High Emissions,Overshoot,1,0.0010009081952423338,0.0007952996359432265,0.0007928454196426789,nan
DMD,2box_coup_no_ocean,Overshoot,2xCO2,0,0.005382613145654242,0.0015128735726782194,0.00077307712254905,-19.92798440394696
DMD,2box_coup_no_ocean,Overshoot,2xCO2,1,0.0010009081952423338,0.0007952996359432265,0.0007928454196426789,nan
DMD,2box_coup_no_ocean,Overshoot,High Emissions,0,0.005382613145654242,0.0015128735726782194,0.00077307712254905,-19.92798440394696
DMD,2box_coup_no_ocean,Overshoot,High Emissions,1,0.0010009081952423338,0.0007952996359432265,0.0007928454196426789,nan
DMD,2box_coup_no_ocean,Overshoot,Overshoot,0,0.005382613145654242,0.0015128735726782194,0.00077307712254905,-19.92798440394696
DMD,2box_coup_no_ocean,Overshoot,Overshoot,1,0.0010009081952423338,0.0007952996359432265,0.0007928454196426789,nan
EDMD,3box_uncoup,2xCO2,2xCO2,0,0.00015393802668574717,0.000150898522962871,0.000150898522962871,0.42310116216786725
EDMD,3box_uncoup,2xCO2,2xCO2,1,0.0024083757312410516,0.000442295477213454,0.00026068048691497037,0.4032845569762823
EDMD,3box_uncoup,2xCO2,2xCO2,2,0.00033653656226372914,0.00012170166073893398,8.871930811985914e-05,0.4111317650287374
EDMD,3box_uncoup,2xCO2,High Emissions,0,0.00015393802668574717,0.000150898522962871,0.000150898522962871,0.42310116216786725
EDMD,3box_uncoup,2xCO2,High Emissions,1,0.0024083757312410516,0.000442295477213454,0.00026068048691497037,0.4032845569762823
EDMD,3box_uncoup,2xCO2,High Emissions,2,0.00033653656226372914,0.00012170166073893398,8.871930811985914e-05,0.4111317650287374
EDMD,3box_uncoup,2xCO2,Overshoot,0,0.00015393802668574717,0.000150898522962871,0.000150898522962871,0.42310116216786725
EDMD,3box_uncoup,2xCO2,Overshoot,1,0.0024083757312410516,0.000442295477213454,0.00026068048691497037,0.4032845569762823
EDMD,3box_uncoup,2xCO2,Overshoot,2,0.00033653656226372914,0.00012170166073893398,8.871930811985914e-05,0.4111317650287374
EDMD,3box_uncoup,High Emissions,2xCO2,0,0.00015393802668574717,0.000150898522962871,0.000150898522962871,0.42310116216786725
EDMD,3box_uncoup,High Emissions,2xCO2,1,0.0024083757312410516,0.000442295477213454,0.00026068048691497037,0.4032845569762823
EDMD,3box_uncoup,High Emissions,2xCO2,2,0.00033653656226372914,0.00012170166073893398,8.871930811985914e-05,0.4111317650287374
EDMD,3box_uncoup,High Emissions,High Emissions,0,0.00015393802668574717,0.000150898522962871,0.000150898522962871,0.42310116216786725
EDMD,3box_uncoup,High Emissions,High Emissions,1,0.0024083757312410516,0.000442295477213454,0.00026068048691497037,0.4032845569762823
EDMD,3box_uncoup,High Emissions,High Emissions,2,0.00033653656226372914,0.00012170166073893398,8.871930811985914e-05,0.4111317650287374
EDMD,3box_uncoup,High Emissions,Overshoot,0,0.00015393802668574717,0.000150898522962871,0.000150898522962871,0.42310116216786725
EDMD,3box_uncoup,High Emissions,Overshoot,1,0.0024083757312410516,0.000442295477213454,0.00026068048691497037,0.4032845569762823
EDMD,3box_uncoup,High Emissions,Overshoot,2,0.00033653656226372914,0.00012170166073893398,8.871930811985914e-05,0.4111317650287374
EDMD,3box_uncoup,Overshoot,2xCO2,0,0.00015393802668574717,0.000150898522962871,0.000150898522962871,0.42310116216786725
EDMD,3box_uncoup,Overshoot,2xCO2,1,0.0024083757312410516,0.000442295477213454,0.00026068048691497037,0.4032845569762823
EDMD,3box_uncoup,Overshoot,2xCO2,2,0.00033653656226372914,0.00012170166073893398,8.871930811985914e-05,0.4111317650287374
EDMD,3box_uncoup,Overshoot,High Emissions,0,0.00015393802668574717,0.000150898522962871,0.000150898522962871,0.42310116216786725
EDMD,3box_uncoup,Overshoot,High Emissions,1,0.0024083757312410516,0.000442295477213454,0.00026068048691497037,0.4032845569762823
EDMD,3box_uncoup,Overshoot,High Emissions,2,0.00033653656226372914,0.00012170166073893398,8.871930811985914e-05,0.4111317650287374
EDMD,3box_uncoup,Overshoot,Overshoot,0,0.00015393802668574717,0.000150898522962871,0.000150898522962871,0.42310116216786725
EDMD,3box_uncoup,Overshoot,Overshoot,1,0.0024083757312410516,0.000442295477213454,0.00026068048691497037,0.4032845569762823
EDMD,3box_uncoup,Overshoot,Overshoot,2,0.00033653656226372914,0.00012170166073893398,8.871930811985914e-05,0.4111317650287374
EDMD,3box_coup,2xCO2,2xCO2,0,2.905126404575456e-06,2.7648916678320544e-06,2.7648916678320544e-06,0.4183577262278989
EDMD,3box_coup,2xCO2,2xCO2,1,3.2635983466185884e-05,3.872278534263189e-06,3.870857840228054e-06,0.4021341412337765
EDMD,3box_coup,2xCO2,2xCO2,2,6.193464921528044e-06,1.8891061439012174e-06,1.8731639785798484e-06,0.4106265582826966
EDMD,3box_coup,2xCO2,High Emissions,0,2.905126404575456e-06,2.7648916678320544e-06,2.7648916678320544e-06,0.4183577262278989
EDMD,3box_coup,2xCO2,High Emissions,1,3.2635983466185884e-05,3.872278534263189e-06,3.870857840228054e-06,0.4021341412337765
EDMD,3box_coup,2xCO2,High Emissions,2,6.193464921528044e-06,1.8891061439012174e-06,1.8731639785798484e-06,0.4106265582826966
EDMD,3box_coup,2xCO2,Overshoot,0,2.905126404575456e-06,2.7648916678320544e-06,2.7648916678320544e-06,0.4183577262278989
EDMD,3box_coup,2xCO2,Overshoot,1,3.2635983466185884e-05,3.872278534263189e-06,3.870857840228054e-06,0.4021341412337765
EDMD,3box_coup,2xCO2,Overshoot,2,6.193464921528044e-06,1.8891061439012174e-06,1.8731639785798484e-06,0.4106265582826966
EDMD,3box_coup,High Emissions,2xCO2,0,2.905126404575456e-06,2.7648916678320544e-06,2.7648916678320544e-06,0.4183577262278989
EDMD,3box_coup,High Emissions,2xCO2,1,3.2635983466185884e-05,3.872278534263189e-06,3.870857840228054e-06,0.4021341412337765
EDMD,3box_coup,High Emissions,2xCO2,2,6.193464921528044e-06,1.8891061439012174e-06,1.8731639785798484e-06,0.4106265582826966
EDMD,3box_coup,High Emissions,High Emissions,0,2.905126404575456e-06,2.7648916678320544e-06,2.7648916678320544e-06,0.4183577262278989
EDMD,3box_coup,High Emissions,High Emissions,1,3.2635983466185884e-05,3.872278534263189e-06,3.870857840228054e-06,0.4021341412337765
EDMD,3box_coup,High Emissions,High Emissions,2,6.193464921528044e-06,1.8891061439012174e-06,1.8731639785798484e-06,0.4106265582826966
EDMD,3box_coup,High Emissions,Overshoot,0,2.905126404575456e-06,2.7648916678320544e-06,2.7648916678320544e-06,0.4183577262278989
EDMD,3box_coup,High Emissions,Overshoot,1,3.2635983466185884e-05,3.872278534263189e-06,3.870857840228054e-06,0.4021341412337765
EDMD,3box_coup,High Emissions,Overshoot,2,6.193464921528044e-06,1.8891061439012174e-06,1.8731639785798484e-06,0.4106265582826966
EDMD,3box_coup,Overshoot,2xCO2,0,2.905126404575456e-06,2.7648916678320544e-06,2.7648916678320544e-06,0.4183577262278989
EDMD,3box_coup,Overshoot,2xCO2,1,3.2635983466185884e-05,3.872278534263189e-06,3.870857840228054e-06,0.4021341412337765
EDMD,3box_coup,Overshoot,2xCO2,2,6.193464921528044e-06,1.8891061439012174e-06,1.8731639785798484e-06,0.4106265582826966
EDMD,3box_coup,Overshoot,High Emissions,0,2.905126404575456e-06,2.7648916678320544e-06,2.7648916678320544e-06,0.4183577262278989
EDMD,3box_coup,Overshoot,High Emissions,1,3.2635983466185884e-05,3.872278534263189e-06,3.870857840228054e-06,0.4021341412337765
EDMD,3box_coup,Overshoot,High Emissions,2,6.193464921528044e-06,1.8891061439012174e-06,1.8731639785798484e-06,0.4106265582826966
EDMD,3box_coup,Overshoot,Overshoot,0,2.905126404575456e-06,2.7648916678320544e-06,2.7648916678320544e-06,0.4183577262278989
EDMD,3box_coup,Overshoot,Overshoot,1,3.2635983466185884e-05,3.872278534263189e-06,3.870857840228054e-06,0.4021341412337765
EDMD,3box_coup,Overshoot,Overshoot,2,6.193464921528044e-06,1.8891061439012174e-06,1.8731639785798484e-06,0.4106265582826966
EDMD,2box_coup,2xCO2,2xCO2,0,0.0002844376792754172,0.00022060149960646979,0.00012349366277423327,0.5077929907639994
EDMD,2box_coup,2xCO2,2xCO2,1,9.572272632246877e-05,7.290023808032178e-05,7.28949800523347e-05,nan
EDMD,2box_coup,2xCO2,High Emissions,0,0.0002844376792754172,0.00022060149960646979,0.00012349366277423327,0.5077929907639994
EDMD,2box_coup,2xCO2,High Emissions,1,9.572272632246877e-05,7.290023808032178e-05,7.28949800523347e-05,nan
EDMD,2box_coup,2xCO2,Overshoot,0,0.0002844376792754172,0.00022060149960646979,0.00012349366277423327,0.5077929907639994
EDMD,2box_coup,2xCO2,Overshoot,1,9.572272632246877e-05,7.290023808032178e-05,7.28949800523347e-05,nan
EDMD,2box_coup,High Emissions,2xCO2,0,0.0002844376792754172,0.00022060149960646979,0.00012349366277423327,0.5077929907639994
EDMD,2box_coup,High Emissions,2xCO2,1,9.572272632246877e-05,7.290023808032178e-05,7.28949800523347e-05,nan
EDMD,2box_coup,High Emissions,High Emissions,0,0.0002844376792754172,0.00022060149960646979,0.00012349366277423327,0.5077929907639994
EDMD,2box_coup,High Emissions,High Emissions,1,9.572272632246877e-05,7.290023808032178e-05,7.28949800523347e-05,nan
EDMD,2box_coup,High Emissions,Overshoot,0,0.0002844376792754172,0.00022060149960646979,0.00012349366277423327,0.5077929907639994
EDMD,2box_coup,High Emissions,Overshoot,1,9.572272632246877e-05,7.290023808032178e-05,7.28949800523347e-05,nan
EDMD,2box_coup,Overshoot,2xCO2,0,0.0002844376792754172,0.00022060149960646979,0.00012349366277423327,0.5077929907639994
EDMD,2box_coup,Overshoot,2xCO2,1,9.572272632246877e-05,7.290023808032178e-05,7.28949800523347e-05,nan
EDMD,2box_coup,Overshoot,High Emissions,0,0.0002844376792754172,0.00022060149960646979,0.00012349366277423327,0.5077929907639994
EDMD,2box_coup,Overshoot,High Emissions,1,9.572272632246877e-05,7.290023808032178e-05,7.28949800523347e-05,nan
EDMD,2box_coup,Overshoot,Overshoot,0,0.0002844376792754172,0.00022060149960646979,0.00012349366277423327,0.5077929907639994
EDMD,2box_coup,Overshoot,Overshoot,1,9.572272632246877e-05,7.290023808032178e-05,7.28949800523347e-05,nan
EDMD,2box_coup_no_ocean,2xCO2,2xCO2,0,0.005382613145654225,0.0015128735726781864,0.0007730771225490796,-19.927984403944286
EDMD,2box_coup_no_ocean,2xCO2,2xCO2,1,0.0010009081952423013,0.0007952996359432001,0.0007928454196426527,nan
EDMD,2box_coup_no_ocean,2xCO2,High Emissions,0,0.005382613145654225,0.0015128735726781864,0.0007730771225490796,-19.927984403944286
EDMD,2box_coup_no_ocean,2xCO2,High Emissions,1,0.0010009081952423013,0.0007952996359432001,0.0007928454196426527,nan
EDMD,2box_coup_no_ocean,2xCO2,Overshoot,0,0.005382613145654225,0.0015128735726781864,0.0007730771225490796,-19.927984403944286
EDMD,2box_coup_no_ocean,2xCO2,Overshoot,1,0.0010009081952423013,0.0007952996359432001,0.0007928454196426527,nan
EDMD,2box_coup_no_ocean,High Emissions,2xCO2,0,0.005382613145654225,0.0015128735726781864,0.0007730771225490796,-19.927984403944286
EDMD,2box_coup_no_ocean,High Emissions,2xCO2,1,0.0010009081952423013,0.0007952996359432001,0.0007928454196426527,nan
EDMD,2box_coup_no_ocean,High Emissions,High Emissions,0,0.005382613145654225,0.0015128735726781864,0.0007730771225490796,-19.927984403944286
EDMD,2box_coup_no_ocean,High Emissions,High Emissions,1,0.0010009081952423013,0.0007952996359432001,0.0007928454196426527,nan
EDMD,2box_coup_no_ocean,High Emissions,Overshoot,0,0.005382613145654225,0.0015128735726781864,0.0007730771225490796,-19.927984403944286
EDMD,2box_coup_no_ocean,High Emissions,Overshoot,1,0.0010009081952423013,0.0007952996359432001,0.0007928454196426527,nan
EDMD,2box_coup_no_ocean,Overshoot,2xCO2,0,0.005382613145654225,0.0015128735726781864,0.0007730771225490796,-19.927984403944286
EDMD,2box_coup_no_ocean,Overshoot,2xCO2,1,0.0010009081952423013,0.0007952996359432001,0.0007928454196426527,nan
EDMD,2box_coup_no_ocean,Overshoot,High Emissions,0,0.005382613145654225,0.0015128735726781864,0.0007730771225490796,-19.927984403944286
EDMD,2box_coup_no_ocean,Overshoot,High Emissions,1,0.0010009081952423013,0.0007952996359432001,0.0007928454196426527,nan
EDMD,2box_coup_no_ocean,Overshoot,Overshoot,0,0.005382613145654225,0.0015128735726781864,0.0007730771225490796,-19.927984403944286
EDMD,2box_coup_no_ocean,Overshoot,Overshoot,1,0.0010009081952423013,0.0007952996359432001,0.0007928454196426527,nan
deconvolve,3box_uncoup,2xCO2,2xCO2,0,1.1859620225970905e-15,8.887452500988679e-16,8.321282990422863e-16,3.487525991100107e-14
deconvolve,3box_uncoup,2xCO2,2xCO2,1,4.855053140044887e-17,5.307839161554533e-18,5.307839161554533e-18,1.8613420305630216e-16
deconvolve,3box_uncoup,2xCO2,2xCO2,2,6.355401211534206e-16,6.18031522373506e-16,-6.169257225481821e-16,-3.359179560905017e-14
deconvolve,3box_uncoup,2xCO2,High Emissions,0,1.1859620225970905e-15,8.887452500988679e-16,8.321282990422863e-16,3.487525991100107e-14
deconvolve,3box_uncoup,2xCO2,High Emissions,1,4.855053140044887e-17,5.307839161554533e-18,5.307839161554533e-18,1.8613420305630216e-16
deconvolve,3box_uncoup,2xCO2,High Emissions,2,6.355401211534206e-16,6.18031522373506e-16,-6.169257225481821e-16,-3.359179560905017e-14
deconvolve,3box_uncoup,2xCO2,Overshoot,0,1.1859620225970905e-15,8.887452500988679e-16,8.321282990422863e-16,3.487525991100107e-14
deconvolve,3box_uncoup,2xCO2,Overshoot,1,4.855053140044887e-17,5.307839161554533e-18,5.307839161554533e-18,1.8613420305630216e-16
deconvolve,3box_uncoup,2xCO2,Overshoot,2,6.355401211534206e-16,6.18031522373506e-16,-6.169257225481821e-16,-3.359179560905017e-14
deconvolve,3box_uncoup,High Emissions,2xCO2,0,1.1859620225970905e-15,8.887452500988679e-16,8.321282990422863e-16,3.487525991100107e-14
deconvolve,3box_uncoup,High Emissions,2xCO2,1,4.855053140044887e-17,5.307839161554533e-18,5.307839161554533e-18,1.8613420305630216e-16
deconvolve,3box_uncoup,High Emissions,2xCO2,2,6.355401211534206e-16,6.18031522373506e-16,-6.169257225481821e-16,-3.359179560905017e-14
deconvolve,3box_uncoup,High Emissions,High Emissions,0,1.1859620225970905e-15,8.887452500988679e-16,8.321282990422863e-16,3.487525991100107e-14
deconvolve,3box_uncoup,High Emissions,High Emissions,1,4.855053140044887e-17,5.307839161554533e-18,5.307839161554533e-18,1.8613420305630216e-16
deconvolve,3box_uncoup,High Emissions,High Emissions,2,6.355401211534206e-16,6.18031522373506e-16,-6.169257225481821e-16,-3.359179560905017e-14
deconvolve,3box_uncoup,High Emissions,Overshoot,0,1.1859620225970905e-15,8.887452500988679e-16,8.321282990422863e-16,3.487525991100107e-14
deconvolve,3box_uncoup,High Emissions,Overshoot,1,4.855053140044887e-17,5.307839161554533e-18,5.307839161554533e-18,1.8613420305630216e-16
deconvolve,3box_uncoup,High Emissions,Overshoot,2,6.355401211534206e-16,6.18031522373506e-16,-6.169257225481821e-16,-3.359179560905017e-14
deconvolve,3box_uncoup,Overshoot,2xCO2,0,1.1859620225970905e-15,8.887452500988679e-16,8.321282990422863e-16,3.487525991100107e-14
deconvolve,3box_uncoup,Overshoot,2xCO2,1,4.855053140044887e-17,5.307839161554533e-18,5.307839161554533e-18,1.8613420305630216e-16
deconvolve,3box_uncoup,Overshoot,2xCO2,2,6.355401211534206e-16,6.18031522373506e-16,-6.169257225481821e-16,-3.359179560905017e-14
deconvolve,3box_uncoup,Overshoot,High Emissions,0,1.1859620225970905e-15,8.887452500988679e-16,8.321282990422863e-16,3.487525991100107e-14
deconvolve,3box_uncoup,Overshoot,High Emissions,1,4.855053140044887e-17,5.307839161554533e-18,5.307839161554533e-18,1.8613420305630216e-16
deconvolve,3box_uncoup,Overshoot,High Emissions,2,6.355401211534206e-16,6.18031522373506e-16,-6.169257225481821e-16,-3.359179560905017e-14
deconvolve,3box_uncoup,Overshoot,Overshoot,0,1.1859620225970905e-15,8.887452500988679e-16,8.321282990422863e-16,3.487525991100107e-14
deconvolve,3box_uncoup,Overshoot,Overshoot,1,4.855053140044887e-17,5.307839161554533e-18,5.307839161554533e-18,1.8613420305630216e-16
deconvolve,3box_uncoup,Overshoot,Overshoot,2,6.355401211534206e-16,6.18031522373506e-16,-6.169257225481821e-16,-3.359179560905017e-14
deconvolve,3box_coup,2xCO2,2xCO2,0,5.696127902553282e-16,2.4525776388301366e-16,4.7146813927335685e-17,2.7653084556579813e-16
deconvolve,3box_coup,2xCO2,2xCO2,1,1.5147885645054187e-15,6.873098814300459e-16,-4.578011276840785e-17,-2.713505826185806e-15
deconvolve,3box_coup,2xCO2,2xCO2,2,6.913116567111454e-16,3.3259003121287605e-16,-2.20952627597524e-17,-1.838974219776501e-15
deconvolve,3box_coup,2xCO2,High Emissions,0,5.696127902553282e-16,2.4525776388301366e-16,4.7146813927335685e-17,2.7653084556579813e-16
deconvolve,3box_coup,2xCO2,High Emissions,1,1.5147885645054187e-15,6.873098814300459e-16,-4.578011276840785e-17,-2.713505826185806e-15
deconvolve,3box_coup,2xCO2,High Emissions,2,6.913116567111454e-16,3.3259003121287605e-16,-2.20952627597524e-17,-1.838974219776501e-15
deconvolve,3box_coup,2xCO2,Overshoot,0,5.696127902553282e-16,2.4525776388301366e-16,4.7146813927335685e-17,2.7653084556579813e-16
deconvolve,3box_coup,2xCO2,Overshoot,1,1.5147885645054187e-15,6.873098814300459e-16,-4.578011276840785e-17,-2.713505826185806e-15
deconvolve,3box_coup,2xCO2,Overshoot,2,6.913116567111454e-16,3.3259003121287605e-16,-2.20952627597524e-17,-1.838974219776501e-15
deconvolve,3box_coup,High Emissions,2xCO2,0,5.696127902553282e-16,2.4525776388301366e-16,4.7146813927335685e-17,2.7653084556579813e-16
deconvolve,3box_coup,High Emissions,2xCO2,1,1.5147885645054187e-15,6.873098814300459e-16,-4.578011276840785e-17,-2.713505826185806e-15
deconvolve,3box_coup,High Emissions,2xCO2,2,6.913116567111454e-16,3.3259003121287605e-16,-2.20952627597524e-17,-1.838974219776501e-15
deconvolve,3box_coup,High Emissions,High Emissions,0,5.696127902553282e-16,2.4525776388301366e-16,4.7146813927335685e-17,2.7653084556579813e-16
deconvolve,3box_coup,High Emissions,High Emissions,1,1.5147885645054187e-15,6.873098814300459e-16,-4.578011276840785e-17,-2.713505826185806e-15
deconvolve,3box_coup,High Emissions,High Emissions,2,6.913116567111454e-16,3.3259003121287605e-16,-2.20952627597524e-17,-1.838974219776501e-15
deconvolve,3box_coup,High Emissions,Overshoot,0,5.696127902553282e-16,2.4525776388301366e-16,4.7146813927335685e-17,2.7653084556579813e-16
deconvolve,3box_coup,High Emissions,Overshoot,1,1.5147885645054187e-15,6.873098814300459e-16,-4.578011276840785e-17,-2.713505826185806e-15
deconvolve,3box_coup,High Emissions,Overshoot,2,6.913116567111454e-16,3.3259003121287605e-16,-2.20952627597524e-17,-1.838974219776501e-15
deconvolve,3box_coup,Overshoot,2xCO2,0,5.696127902553282e-16,2.4525776388301366e-16,4.7146813927335685e-17,2.7653084556579813e-16
deconvolve,3box_coup,Overshoot,2xCO2,1,1.5147885645054187e-15,6.873098814300459e-16,-4.578011276840785e-17,-2.713505826185806e-15
deconvolve,3box_coup,Overshoot,2xCO2,2,6.913116567111454e-16,3.3259003121287605e-16,-2.20952627597524e-17,-1.838974219776501e-15
deconvolve,3box_coup,Overshoot,High Emissions,0,5.696127902553282e-16,2.4525776388301366e-16,4.7146813927335685e-17,2.7653084556579813e-16
deconvolve,3box_coup,Overshoot,High Emissions,1,1.5147885645054187e-15,6.873098814300459e-16,-4.578011276840785e-17,-2.713505826185806e-15
deconvolve,3box_coup,Overshoot,High Emissions,2,6.913116567111454e-16,3.3259003121287605e-16,-2.20952627597524e-17,-1.838974219776501e-15
deconvolve,3box_coup,Overshoot,Overshoot,0,5.696127902553282e-16,2.4525776388301366e-16,4.7146813927335685e-17,2.7653084556579813e-16
deconvolve,3box_coup,Overshoot,Overshoot,1,1.5147885645054187e-15,6.873098814300459e-16,-4.578011276840785e-17,-2.713505826185806e-15
deconvolve,3box_coup,Overshoot,Overshoot,2,6.913116567111454e-16,3.3259003121287605e-16,-2.20952627597524e-17,-1.838974219776501e-15
deconvolve,2box_coup,2xCO2,2xCO2,0,1.5409633229405992e-15,7.495443954884172e-16,-1.0896932407343264e-16,-1.5086492184248906e-15
deconvolve,2box_coup,2xCO2,2xCO2,1,4.3388965992592537e-16,2.0029086327645399e-16,-2.3588630567029365e-17,nan
deconvolve,2box_coup,2xCO2,High Emissions,0,1.5409633229405992e-15,7.495443954884172e-16,-1.0896932407343264e-16,-1.5086492184248906e-15
deconvolve,2box_coup,2xCO2,High Emissions,1,4.3388965992592537e-16,2.0029086327645399e-16,-2.3588630567029365e-17,nan
deconvolve,2box_coup,2xCO2,Overshoot,0,1.5409633229405992e-15,7.495443954884172e-16,-1.0896932407343264e-16,-1.5086492184248906e-15
deconvolve,2box_coup,2xCO2,Overshoot,1,4.3388965992592537e-16,2.0029086327645399e-16,-2.3588630567029365e-17,nan
deconvolve,2box_coup,High Emissions,2xCO2,0,1.5409633229405992e-15,7.495443954884172e-16,-1.0896932407343264e-16,-1.5086492184248906e-15
deconvolve,2box_coup,High Emissions,2xCO2,1,4.3388965992592537e-16,2.0029086327645399e-16,-2.3588630567029365e-17,nan
deconvolve,2box_coup,High Emissions,High Emissions,0,1.5409633229405992e-15,7.495443954884172e-16,-1.0896932407343264e-16,-1.5086492184248906e-15
deconvolve,2box_coup,High Emissions,High Emissions,1,4.3388965992592537e-16,2.0029086327645399e-16,-2.3588630567029365e-17,nan
deconvolve,2box_coup,High Emissions,Overshoot,0,1.5409633229405992e-15,7.495443954884172e-16,-1.0896932407343264e-16,-1.5086492184248906e-15
deconvolve,2box_coup,High Emissions,Overshoot,1,4.3388965992592537e-16,2.0029086327645399e-16,-2.3588630567029365e-17,nan
deconvolve,2box_coup,Overshoot,2xCO2,0,1.5409633229405992e-15,7.495443954884172e-16,-1.0896932407343264e-16,-1.5086492184248906e-15
deconvolve,2box_coup,Overshoot,2xCO2,1,4.3388965992592537e-16,2.0029086327645399e-16,-2.3588630567029365e-17,nan
deconvolve,2box_coup,Overshoot,High Emissions,0,1.5409633229405992e-15,7.495443954884172e-16,-1.0896932407343264e-16,-1.5086492184248906e-15
deconvolve,2box_coup,Overshoot,High Emissions,1,4.3388965992592537e-16,2.0029086327645399e-16,-2.3588630567029365e-17,nan
deconvolve,2box_coup,Overshoot,Overshoot,0,1.5409633229405992e-15,7.495443954884172e-16,-1.0896932407343264e-16,-1.5086492184248906e-15
deconvolve,2box_coup,Overshoot,Overshoot,1,4.3388965992592537e-16,2.0029086327645399e-16,-2.3588630567029365e-17,nan
deconvolve,2box_coup_no_ocean,2xCO2,2xCO2,0,3.847641414042531e-18,3.286730808941117e-18,-1.6198239628767497e-19,-1.7414978808022556e-14
deconvolve,2box_coup_no_ocean,2xCO2,2xCO2,1,0.0,0.0,0.0,nan
deconvolve,2box_coup_no_ocean,2xCO2,High Emissions,0,3.847641414042531e-18,3.286730808941117e-18,-1.6198239628767497e-19,-1.7414978808022556e-14
deconvolve,2box_coup_no_ocean,2xCO2,High Emissions,1,0.0,0.0,0.0,nan
deconvolve,2box_coup_no_ocean,2xCO2,Overshoot,0,3.847641414042531e-18,3.286730808941117e-18,-1.6198239628767497e-19,-1.7414978808022556e-14
deconvolve,2box_coup_no_ocean,2xCO2,Overshoot,1,0.0,0.0,0.0,nan
deconvolve,2box_coup_no_ocean,High Emissions,2xCO2,0,3.847641414042531e-18,3.286730808941117e-18,-1.6198239628767497e-19,-1.7414978808022556e-14
deconvolve,2box_coup_no_ocean,High Emissions,2xCO2,1,0.0,0.0,0.0,nan
deconvolve,2box_coup_no_ocean,High Emissions,High Emissions,0,3.847641414042531e-18,3.286730808941117e-18,-1.6198239628767497e-19,-1.7414978808022556e-14
deconvolve,2box_coup_no_ocean,High Emissions,High Emissions,1,0.0,0.0,0.0,nan
deconvolve,2box_coup_no_ocean,High Emissions,Overshoot,0,3.847641414042531e-18,3.286730808941117e-18,-1.6198239628767497e-19,-1.7414978808022556e-14
deconvolve,2box_coup_no_ocean,High Emissions,Overshoot,1,0.0,0.0,0.0,nan
deconvolve,2box_coup_no_ocean,Overshoot,2xCO2,0,3.847641414042531e-18,3.286730808941117e-18,-1.6198239628767497e-19,-1.7414978808022556e-14
deconvolve,2box_coup_no_ocean,Overshoot,2xCO2,1,0.0,0.0,0.0,nan
deconvolve,2box_coup_no_ocean,Overshoot,High Emissions,0,3.847641414042531e-18,3.286730808941117e-18,-1.6198239628767497e-19,-1.7414978808022556e-14
deconvolve,2box_coup_no_ocean,Overshoot,High Emissions,1,0.0,0.0,0.0,nan
deconvolve,2box_coup_no_ocean,Overshoot,Overshoot,0,3.847641414042531e-18,3.286730808941117e-18,-1.6198239628767497e-19,-1.7414978808022556e-14
deconvolve,2box_coup_no_ocean,Overshoot,Overshoot,1,0.0,0.0,0.0,nan
direct,3box_uncoup,2xCO2,n/a,0,0.022750926949511887,0.020319470917275314,-0.020319470917275314,-1.0964661286028168
direct,3box_uncoup,2xCO2,n/a,1,0.06477359406658201,0.0645995340954855,-0.0645995340954855,-1.5076977301672698
direct,3box_uncoup,2xCO2,n/a,2,0.02078311294564863,0.020567146843363224,-0.020567146843363224,-1.1534479132778814
direct,3box_uncoup,High Emissions,n/a,0,0.022750926949511887,0.020319470917275314,-0.020319470917275314,-1.0964661286028168
direct,3box_uncoup,High Emissions,n/a,1,0.06477359406658201,0.0645995340954855,-0.0645995340954855,-1.5076977301672698
direct,3box_uncoup,High Emissions,n/a,2,0.02078311294564863,0.020567146843363224,-0.020567146843363224,-1.1534479132778814
direct,3box_uncoup,Overshoot,n/a,0,0.022750926949511887,0.020319470917275314,-0.020319470917275314,-1.0964661286028168
direct,3box_uncoup,Overshoot,n/a,1,0.06477359406658201,0.0645995340954855,-0.0645995340954855,-1.5076977301672698
direct,3box_uncoup,Overshoot,n/a,2,0.02078311294564863,0.020567146843363224,-0.020567146843363224,-1.1534479132778814
direct,3box_coup,2xCO2,n/a,0,0.24043808522591387,0.15009821586643526,0.15009821586643526,30.20702675404698
direct,3box_coup,2xCO2,n/a,1,0.9609863929475072,0.6051337635302828,-0.6051337635302828,-48.923207035803834
direct,3box_coup,2xCO2,n/a,2,0.25237034149834386,0.15792075567807007,0.15792075567807007,18.283173789376722
direct,3box_coup,High Emissions,n/a,0,0.24043808522591387,0.15009821586643526,0.15009821586643526,30.20702675404698
direct,3box_coup,High Emissions,n/a,1,0.9609863929475072,0.6051337635302828,-0.6051337635302828,-48.923207035803834
direct,3box_coup,High Emissions,n/a,2,0.25237034149834386,0.15792075567807007,0.15792075567807007,18.283173789376722
direct,3box_coup,Overshoot,n/a,0,0.24043808522591387,0.15009821586643526,0.15009821586643526,30.20702675404698
direct,3box_coup,Overshoot,n/a,1,0.9609863929475072,0.6051337635302828,-0.6051337635302828,-48.923207035803834
direct,3box_coup,Overshoot,n/a,2,0.25237034149834386,0.15792075567807007,0.15792075567807007,18.283173789376722
direct,2box_coup,2xCO2,n/a,0,0.9812370889714758,0.6778299147084571,0.6778299147084571,76.68612710986417
direct,2box_coup,2xCO2,n/a,1,1.9793695125863588,1.3754040833705734,-1.3754040833705734,-inf
direct,2box_coup,High Emissions,n/a,0,0.9812370889714758,0.6778299147084571,0.6778299147084571,76.68612710986417
direct,2box_coup,High Emissions,n/a,1,1.9793695125863588,1.3754040833705734,-1.3754040833705734,-inf
direct,2box_coup,Overshoot,n/a,0,0.9812370889714758,0.6778299147084571,0.6778299147084571,76.68612710986417
direct,2box_coup,Overshoot,n/a,1,1.9793695125863588,1.3754040833705734,-1.3754040833705734,-inf
direct,2box_coup_no_ocean,2xCO2,n/a,0,0.013138129326214424,0.006981310930875082,-0.003031748818870455,-351.2696353068683
direct,2box_coup_no_ocean,2xCO2,n/a,1,0.07340397591402555,0.01228048225385336,-0.006252070318235953,-inf
direct,2box_coup_no_ocean,High Emissions,n/a,0,0.013138129326214424,0.006981310930875082,-0.003031748818870455,-351.2696353068683
direct,2box_coup_no_ocean,High Emissions,n/a,1,0.07340397591402555,0.01228048225385336,-0.006252070318235953,-inf
direct,2box_coup_no_ocean,Overshoot,n/a,0,0.013138129326214424,0.006981310930875082,-0.003031748818870455,-351.2696353068683
direct,2box_coup_no_ocean,Overshoot,n/a,1,0.07340397591402555,0.01228048225385336,-0.006252070318235953,-inf
